<?xml version="1.0"?>
<Runs Version="1" Minor="0">
	<Run Id="first_zynq_system_axi_gpio_0_0_synth_1" LaunchDir="C:/Zynq_Book_Tutorial_Projects/first_zynq_design/first_zynq_design.runs/first_zynq_system_axi_gpio_0_0_synth_1" FlowId="Vivado_Synthesis" FromStepId="vivado" ToStepId="vivado"/>
	<Run Id="first_zynq_system_rst_ps7_0_100M_0_synth_1" LaunchDir="C:/Zynq_Book_Tutorial_Projects/first_zynq_design/first_zynq_design.runs/first_zynq_system_rst_ps7_0_100M_0_synth_1" FlowId="Vivado_Synthesis" FromStepId="vivado" ToStepId="vivado"/>
	<Run Id="first_zynq_system_processing_system7_0_0_synth_1" LaunchDir="C:/Zynq_Book_Tutorial_Projects/first_zynq_design/first_zynq_design.runs/first_zynq_system_processing_system7_0_0_synth_1" FlowId="Vivado_Synthesis" FromStepId="vivado" ToStepId="vivado"/>
	<Run Id="first_zynq_system_auto_pc_0_synth_1" LaunchDir="C:/Zynq_Book_Tutorial_Projects/first_zynq_design/first_zynq_design.runs/first_zynq_system_auto_pc_0_synth_1" FlowId="Vivado_Synthesis" FromStepId="vivado" ToStepId="vivado"/>
	<Run Id="synth_1" LaunchDir="C:/Zynq_Book_Tutorial_Projects/first_zynq_design/first_zynq_design.runs/synth_1" FlowId="Vivado_Synthesis" FromStepId="vivado" ToStepId="vivado">
		<Parent Id="first_zynq_system_axi_gpio_0_0_synth_1"/>
		<Parent Id="first_zynq_system_rst_ps7_0_100M_0_synth_1"/>
		<Parent Id="first_zynq_system_processing_system7_0_0_synth_1"/>
		<Parent Id="first_zynq_system_auto_pc_0_synth_1"/>
	</Run>
	<Run Id="impl_1" LaunchDir="C:/Zynq_Book_Tutorial_Projects/first_zynq_design/first_zynq_design.runs/impl_1" FlowId="Vivado_Implementation" FromStepId="init_design" ToStepId="write_bitstream">
		<Parent Id="synth_1"/>
		<Parent Id="first_zynq_system_axi_gpio_0_0_synth_1"/>
		<Parent Id="first_zynq_system_rst_ps7_0_100M_0_synth_1"/>
		<Parent Id="first_zynq_system_processing_system7_0_0_synth_1"/>
		<Parent Id="first_zynq_system_auto_pc_0_synth_1"/>
	</Run>
</Runs>

